{
  "name": "RecordingTNT",
  "description": "Well im UnstableTNT and im recording xD",
  "createdAtMillis": 1467152943037,
  "home": {
    "w": "Factions",
    "lx": 4039.6627933989334,
    "ly": 153.0,
    "lz": 279.30000001192093,
    "p": -1.800013,
    "y": -357.09775
  }
}